date	commit	mode	rubric	grade	cap_applied	crit	high	med	low	A	B	C	D	E	F	G	policy_pass
2026-10-02	94495af646eb03a35eabb0e22e5892f6e82427df	full	v2	6.0	6.0-tests-fail	0	0	2	0	10.0	7.6	3.8	3.5	4.25	4.0	5.5	5/8
2026-10-02	1ee237b4a78d3bde1bac9ab01ac1806269717184	rescore	v2	7.8	8.9-open-medium-nonbinding	0	0	2	0	10.0	7.6	5.5	6.5	4.25	8.0	7.0	5/8
2026-10-02	bbb67498e2265294a0a6b5a156fb793db1acb8d0	rescore	v2	9.4	none	0	0	0	0	10.0	10.0	8.2	9.0	10.0	9.5	9.0	5/8
2026-10-03	61849fb2b8675e78609903eae880b548563b8df1	full	v2	7.0	7.0-live-backend-not-checked	0	0	3	1	10.0	6.1	3.5	9.0	10.0	9.0	10.0	5/8
2026-10-03	8678676187efa9854830e34f5af823a9ec4af951	rescore	v2	9.4	none	0	0	0	0	10.0	10.0	7.0	9.0	10.0	9.5	10.0	5/8
2026-10-03	0de26eb7112d196a5a9928fe5dbb5a902e791e20	rescore	v2	9.6	none	0	0	0	0	10.0	10.0	8.5	9.0	10.0	9.5	10.0	5/8
2026-10-03	51f0ebd5eb640f16c5ca225817f04476ff1e49ea	rescore	v2	9.6	none	0	0	0	0	10.0	10.0	8.5	9.0	10.0	9.5	10.0	5/8
2026-10-04	30e70d416e166089b4f7534fc699a40c1edc9b5d	quick	v2	7.0	7.0-live-roles-unverified	0	0	1	3	10.0	7.9	8.5	7.5	10.0	9.5	10.0	4/8
2026-10-04	68bd26f4229ce22c573fc100da44191918f83790	rescore	v2	9.6	none	0	0	0	0	10.0	10.0	8.5	9.0	10.0	10.0	10.0	5/8
